Number;Name;Text;Money;Type
1;Go;Advance to Go(Collect $200);200;bank
2;Error;Bank error in your favor. Collect $200;200;bank
3;Dr;Doctors fee. Pay $50;-200;bank
4;Stock;From sale of stock you get $50;50;bank
5;Get Out;Get Out of Jail Free;0;card
6;Jail;Go to Jail. Go directly to jail, do not pass Go, do not collect $200;0;move
7;Holiday;Holiday fund matures. Receive $100;100;bank
8;Tax Refund;Income tax refund. Collect $20;20;bank
9;Life Insurance;Life insurance matures. Collect $100;100;bank
10;Hospital;Pay hospital fees of $100;100;bank
11;School;Pay school fees of $50;-50;bank
12;Consult;Receive $25 consultancy fee;25;bank
13;Beauty;You have won second prize in a beauty contest. Collect $10;10;bank
14;Inherit;You inherit $100;100;bank
15;Boardwalk;Advance to Boardwalk;0;move
16;Go;Advance to Go(Collect $200);200;move
17;Illinois;Advance to Illinois Avenue. If you pass Go, collect $200;200;move
18;St.Charles;Advance to St. Charles Place. If you pass Go, collect $200;200;move
19;Railroad;Advance to the nearest Railroad. If unowned, you may buy it from the Bank. If owned, pay owner twice the rental to which they are otherwise entitled;0;move
20;Utility;Advance token to nearest Utility. If unowned, you may buy it from the Bank. If owned, throw dice and pay owner a total ten times amount thrown.;0;move
21;Bank;Bank pays you dividend of $50;50;bank
22;Get Out;Get Out of Jail Free;0;card
23;Go Back;Go Back 3 Spaces;0;move
24;Jail;Go to Jail. Go directly to jail, do not pass Go, do not collect $200;0;move
25;Speeding;Speeding fine $15;-15;bank
26;Reading Railroad;Take a trip to Reading Railroad. If you pass Go, collect $200;0;move
27;Chairman;You have been elected Chairman of the Board. Pay each player $50;-50;pay_players
28;Loan;Your building loan matures. Collect $150;150;bank
