text,action,amount
Advance to Go (Collect $200),move,0
Bank error in your favor. Collect $50,collect,50
Go directly to Jail. Do not pass Go,move_to_jail,10
Speeding fine. Pay $15,pay,15
Your building loan matures. Collect $150,collect,150
Get Out of Jail Free,get_out_of_jail,0
Grand Opera Night. Collect $50 from every player,collect_all,50
Pay poor tax of $15,pay,15
Take a trip to Reading Railroad,move,5
Take a walk on the Boardwalk. Advance token to Boardwalk,move,39
You have been elected Chairman of the Board. Pay each player $50,pay_all,50
Your building and loan matures. Collect $150,collect,150
Won a crossword competition. Collect $100,collect,100