text,action,amount
Advance to Go (Collect $200),move,0
Doctor's fee. Pay $50,pay,50
From sale of stock you get $45,collect,45
Get Out of Jail Free,get_out_of_jail,0
Grand Opera Night. Collect $50 from every player,collect_all,50
Holiday Fund matures. Receive $100,collect,100
Income tax refund. Collect $20,collect,20
Life insurance matures. Collect $100,collect,100
Pay hospital fees of $100,pay,100
Receive $25 consultancy fee,collect,25
You inherit $100,collect,100
School fees. Pay $50,pay,50
Sold some stock. Collect $50,collect,50